"uid","title","name"
"3","Sweet poison by ANARKYA","993848304_1057746712_224957142.mp3"
"15","AkRo_195Bpm_Hardcharo","1956809692_1409610389_316141839.mp3"
"6","Machin Mental","1118984657_2009856268_1950787905.MP3"
"1","End of summer live session","100884630_1943466043_1525089488.m4a"
"3","Cyborg asylum by ANARKYA","607515103_1404499072_1839438937.mp3"
"1","Another analog session","229398179_1203929184_1252765101.m4a"
"23","EyesWideBlack - Tribute to Walter Bishop - Fringetek","2004142385_631799049_62354481.mp3"
"22","mongolian Vibration","1674266395_816339130_372026749.mp3"
"20","è come un gioco ( to be continued ) [matto]","992690030_320387833_1529492404.mp3"
"29","extraitLiveAcid","1489560725_526180201_317679765.mp3"
"32","turbodeks","415160417_1647088499_924429871.mp3"
"12","teknologic virus -  NOIZE TEMPO","2038050087_1385123974_661784990.mp3"
"33","Synth-o-nize","1976294130_659692978_1658952929.mp3"
"33","Ruby TranceFormation (mastered)","778740143_1535487313_1520111037.mp3"
"36","CASH","1496314875_657536230_962000611.mp3"
"36","I AM HOT","1471631601_60103790_1306281368.mp3"
"36","14.03.21 Duke - Straight There","391670258_251589070_1568591823.mp3"
"36","POWDER","2143476967_1101614822_1921417833.mp3"
"36","14.03.21 Duke - Wire Tap","1452924146_915505492_162898859.mp3"
"12","teknologic virus - area 89 full stereo","1537253706_1361518155_227871363.mp3"
"12","teknologic virus -  ghost town","1892718601_1488884910_940105714.mp3"
"18","fruity 1mo test formiche robot","1395244797_356487312_155781135.mp3"
"33","Pilotswings + UfoLanding (preview)","1150042108_1368465132_1020835508.mp3"
"44","just a little WIP liveset jam rec","417242398_1739334436_697963423.MP3"
"12","free tekno 12 the night mix (full stereo)","2134250101_1439185186_1009319102.mp3"
"50","bad cyborg remake","456148149_605886538_2070161115.mp3"
"54","6h25 RezO","103011709_204100553_574798821.mp3"
"54","CrokTek","358693829_1057294898_109392211.mp3"
"54","Freestyle Audiophile Ben feat Ju","1344444803_931286619_1035598443.mp3"
"54","Fuck 6Tm reedit __ Ben Feat Dju","497722621_527344508_1395145493.mp3"
"54","conscience_dju","1792850606_1914544186_10001669.mp3"
"32","tripacid","255445683_490849104_283764683.mp3"
"62","RikoTek Track 26","1377034265_412479116_19824569.mp3"
"63","Electro Psy Tech","599996417_1923812023_1123404775.mp3"
"33","Ufolanding","1072922011_705983081_800393354.mp3"
"64","fungo liveset July 2015","242996571_374614444_467316890.mp3"
"69","tekhall","1956162637_1092269122_259946681.mp3"
"12","POWER NOISE HORROR ART (MUSH UP)","1912000199_1039374689_997130585.mp3"
"63","AWAWWW.SPACE-FEEDER.HK","1141488476_1917716591_1130138058.mp3"
"63","IO HAZARD UNITZ","947154770_2023367185_410603541.mp3"
"12","psycore hit (the gray sky tape) .... preview .... in few days the full tape","323687071_1035719487_422312646.mp3"
"72","ecid traib","1183366257_935773677_1650639918.mp3"
"77","king of Higlands","2110592191_1541856494_1570092707.mp3"
"33","3rd type encounter","1658016896_1452442723_287811684.mp3"
"32","another_Acid_starGATE","285126425_380379000_1187807063.mp3"
"90","Acid Division - The Last Days","927817326_1111933582_730600808.mp3"
"94","Kill you (Mindestruction RMX)","138886376_126127974_1939528082.mp3"
"5","mgl - words","599115154_2064483233_1665324386.mp3"
"5","xtract1","1863754408_96897596_1900691650.mp3"
"5","mgl_Ceppo BANGBASS - The thing in the cellar","762906303_2108074722_477314523.mp3"
"102","PSORIASI","1491314859_925134831_1320973424.mp3"
"95","Soli IV &lt;&lt;The Bubble&gt;&gt;","365383520_138966715_266461971.mp3"
"102","MEGALODON","1896469277_1064330845_1511080390.mp3"
"102","sbume vs nexxor _ Somewhere Else","1651412599_1498027719_936601732.mp3"
"10","king of highlands-karmaltek vs canek23","1256985916_831048024_2010252303.mp3"
"100","SMASH PROJECT - my style is crazy ass","2144248794_1182761256_1858938315.mp3"
"104","Tschinöölnsound -monkey bomb 2","1951345966_2090812707_1024887270.mp3"
"104","Tschinöölnsound - a ravers nightmare","1620817189_656262559_1868851922.mp3"
"104","lu","1892155312_1141306821_455300701.mp3"
"104","expect us","691770558_1477011401_1573285747.mp3"
"104","Tschinöölnsound - am i happy","1321039992_286191245_1275351309.mp3"
"104","monkey Bomb 1","373007134_425956967_1858627763.mp3"
"104","Reisverschluss","1913470471_1187709572_158533578.mp3"
"104","Tschinöölnsound - dr.looney happytek remix contest","1989710782_1260271339_1514132309.mp3"
"104","slaveclub","413598163_690902123_1050280581.mp3"
"104","Tschinöölnsound - more fire","1185549725_1661262682_998921466.mp3"
"104","Tschinöölnsound - Giant vibe","1584853320_1688247412_1678695688.mp3"
"104","Dariuscore","109880223_1140161207_1635626706.mp3"
"104","Dancemode","1048436693_100994615_1245574308.mp3"
"104","fire fire","240838898_675892907_1973695210.mp3"
"104","influenzed by","1608968652_1453699345_2039247150.mp3"
"104","the scream","170129823_615372311_897267781.mp3"
"104","is this real life","1004839065_193887528_1282521482.mp3"
"104","jordle alarm","1843043151_1722453950_1270530461.mp3"
"104","out of this melody","1232348922_7390917_1727973149.mp3"
"104","oktobertek","1627351409_767255105_296488328.mp3"
"104","small raggatek","518470301_2024685840_716236676.mp3"
"104","your friends","622652686_537701576_1686131283.mp3"
"104","the hood","1729361488_1447683179_908459342.mp3"
"104","dub tekno","1056677833_925964472_42114942.mp3"
"104","go sick4 aka bang bang","1574038497_900484330_1330268912.mp3"
"104","gg","1890980987_1081533430_758508270.mp3"
"104","hyperspace","41092002_1035983373_2011315364.mp3"
"104","kickit","1747928325_1939650501_1709500198.mp3"
"104","no pop","1769237528_1560746592_584419660.mp3"
"104","stay for a sign-Joshcore-ReinhardSteckin-Tschinöölnsound","1313602892_1404183913_185187143.mp3"
"104","who are you","1357500044_1774293499_2101779516.mp3"
"104","elektrominimix 2011","1474122842_1628655067_283415163.mp3"
"104","indianvibes","929848087_1117225176_1881555005.mp3"
"104","elektroMELO","1475973198_2077321523_1356067134.mp3"
"104","reggaebeastie","1048089369_120741877_621007425.mp3"
"104","trashpumping","510833585_2051465405_1318783.mp3"
"104","oldskoolnoize","1964205463_1109367431_1687866484.mp3"
"104","electric chariot","300536907_339408906_845314940.mp3"
"104","90s in the fucking ... (long version)","936070403_1008029989_2087123197.mp3"
"104","this nation","2098411762_904556949_1491453660.mp3"
"102","dance_of_the_dead","209263316_342236564_970893409.mp3"
"102","WhaT?","928615997_1695402535_1522221590.mp3"
"94","Monster Music (Mindestruction RMX)","1154955746_331269333_955367467.mp3"
"5","mgl - The Test","995441346_106916930_944349966.mp3"
"111","VIRUS","1500963368_399694407_101728824.mp3"
"95","Soli IV &gt;&gt;TU ERES COMO ER FUEGO&gt;&gt; Morodo Hardtek remix!!","1178315488_345599558_438378741.mp3"
"95","Soli IV  &lt;&lt; HackTheSistem &gt;&gt;","1278455051_228716545_1905260642.mp3"
"95","Soli IV  &lt;&lt; Tribecore Dream!! &gt;&gt;","1963053228_410641824_1152088521.mp3"
"95","Soli IV &gt;&gt;A230385&lt;&lt;","1867425207_1192421069_2058799000.mp3"
"33","Halloween Specials (5 times)","2102063857_151566310_1888416524.mp3"
"69","ANTICHRIST","1790385352_1146048822_1292965871.mp3"
"100","Old way","695774171_285958463_108284382.mp3"
"122","wilow04_osk_quantom slurm","2144395200_510872307_2008515705.mp3"
"122","wilow04  -  - colours","640405645_69174506_956747021.mp3"
"100","tribe 2","1415506570_734752696_59752419.mp3"
"126","Alex Clark - TECHNO ( DJ Mix )","979490186_2102206048_258431882.mp3"
"100","Uncio[smash project crew] - tribe 3","171624823_1912752470_502157986.mp3"
"20","Matto - Sound Killer","467298972_696957847_1309910512.mp3"
"102","AnAL - ive in progress [part 2]","716520423_2013666980_431045619.mp3"
"20","matto- big teknoski","929212340_1918011279_541139799.mp3"
"69","2015- 8","1432194064_285705932_1152508038.mp3"
"100","tribe 5","450589374_1937949307_2031982610.mp3"
"1","Live set tribe core","1171262431_172114377_1898854436.m4a"
"140","MADNWK_LFO live out","1235412746_1126726517_1562196888.mp3"
"29","Lose myself - [live extract]","1658460292_15937501_2133537412.mp3"
"33","say tekno 5 times","2006966244_1573260642_192560538.mp3"
"32","CHIDEKACID","714895128_722875027_2038100413.mp3"
"100","10 anni - SMASH PROJECT","2232212_919938290_426583494.mp3"
"155","TRIBE-LIVE +++","468161104_1608503872_1646512785.mp3"
"155","tKnO-lIvE 132 BPM p!3","919823306_421677193_862013849.mp3"
"155","SmOOtHIe-WAvE 5","126317916_234855428_1866385344.mp3"
"155","lIvE-tRiBe23","657294163_152104034_1779851581.mp3"
"155","aLiCe iM wUnDeRlAnD","501407621_378721877_1359224279.mp3"
"155","Mini-Tech 25","450152140_886177653_685835858.mp3"
"155","INVASION OST","433122422_158523603_1123895714.mp3"
"167","HC dEFONCE D  TRAIT TRK1","492656246_1847682913_2031140007.mp3"
"69","trippin balls","1619034130_95768559_1962711342.mp3"
"172","Miguel B.D. 0,01","1788006529_506342360_1046383023.mp3"
"172","Miguel B.D. 0,051","2018701507_847820547_893117369.mp3"
"33","as we used to know (WIP)","320599210_1086869758_1552915013.mp3"
"185","°1Low6TriBe5°","793276370_1876539379_979830172.mp3"
"32","Pixels_in_Acid_style","1484150096_1347510196_868427965.mp3"
"33","Weasel Buster's Czech Tekno Remix by RobyUanKeRoby","344362132_2094085483_494759724.mp3"
"155","LIVE-ESX 1 ¨¨","1412773796_2109820459_1893638174.mp3"
"155","T3KNO&quot;&quot;mIxEd bY iMpUlS","475130751_1365273535_1888255664.mp3"
"210","RAVE FOR BREAKFAST   MINIMAL TRIBE (GOA MINIMALE)","1777149935_1316012335_1300866131.mp3"
"33","The Z Factory - La Fabbrica Z","1239061765_158344419_1926753940.mp3"
"228","Aztekno 01","1769858051_1760727517_1983502281.mp3"
"229","VORTEX","716060765_1012542139_2035695718.mp3"
"229","BANG BANG","2082571324_1526672870_1457520642.mp3"
"229","BARBRA POWER","1788285229_391435252_1855339099.mp3"
"229","KICK DA WOOD","1916908014_799541830_488498658.mp3"
"228","Acid in","1622743071_649106691_429560296.mp3"
"225","Memero @ DroneNbass Grundfrequenz 260915 zgk Berlin","707825939_448082163_737877635.mp3"
"228","Expire","1780642440_322758567_967084649.mp3"
"229","GET LOW","267027880_2001360006_1793513180.mp3"
"238","Jester - Live extract - Beatjuggla","11902538_1549857759_1482855504.mp3"
"238","Keitek - Venus Field [Korg EMX]","1979644651_561538472_813677900.mp3"
"238","Jester vs Keitek - Live jam - Wednesdaytek","111789860_1559793421_1588194178.mp3"
"238","Keitek - Live extract - Thought Control Overture [Korg EMX]","1024834362_2064572812_1482147891.mp3"
"100","triberia","843468136_87802185_27375306.mp3"
"245","mental resistance","842262063_1007441803_66278535.mp3"
"100","mental 2","1167672270_55546447_1150738913.mp3"
"63","76 - gheb","722157660_561437615_1662476004.mp3"
"100","15 min in my head","1369028335_1602082816_857347597.mp3"
"229","IMPACT","580124139_979463223_1286262537.mp3"
"255","Toad G - Ermit toad","15845108_174350822_576527538.mp3"
"63","ghe (13).mp3","1695076801_404401977_1809701597.mp3"
"229","what's my name ?","1671762920_500666734_1571761893.mp3"
"257","Acidzipfl - Umsteigen zur linie 23","537187680_1423125877_31327647.mp3"
"259","SpAcE RiDDiM By EarthRoots","1089225548_2098826300_1754464723.mp3"
"32","90SBRAINMEOLDYSTUCK","872032399_1878476684_2082866836.mp3"
"69","HOT","709068418_1623466449_195264500.mp3"
"63","Disco Stu","995775464_1007277379_164387215.mp3"
"5","Nader &amp; Mgl - Troubles (Debug23's Wakantanka #02)","626632549_2042360508_507586397.mp3"
"225","20160124_Memero_2016_NYE  [FREE DOWNLOAD] www.memero.org","944253710_37221803_194465348.mp3"
"229","WARNING","1439262642_960337241_489895707.mp3"
"63","Morning Glory","520465923_1239658826_901707535.mp3"
"63","NOSL-CE-","1734835893_1201609089_781640669.mp3"
"63","NOSL","25321908_109129435_1559166961.mp3"
"63","NOSL","223036129_1241108160_172588415.mp3"
"63","Arale Hyde","1987741807_1414851638_1196847497.mp3"
"63","Lsd","1552052876_121271543_484222860.mp3"
"255","Toad Trip - Stunned Toad","8405954_606510055_1251699688.mp3"
"100","Uncio - tribe 2","1720786255_721902488_101050735.mp3"
"102","W#Ke_uP!","298634253_1151620749_1880238190.mp3"
"100","tribe3","25793161_906673540_768163130.mp3"
"63","oki","1826056449_1861465846_1754437920.mp3"
"288","Stitches - Earthquake","853558798_229284626_869815163.mp3"
"288","Stitches - Dark Side Of The Black (Original Mix)","1461150144_1117289560_380165084.mp3"
"288","Stitches - No Fan At All - Excision Mix","2024207833_960517703_1337282030.mp3"
"288","Stitches - No Fan At All - The Prodigy Mash Up","1387910552_1841162233_2056926036.mp3"
"288","Excision &amp; Downlink - Existence (Stitches Puzzle Remix)","718492297_1406223349_538219101.mp3"
"288","Excision Ft. Messinian - X Rated (Stitches Remix)","800130276_768793765_896884057.mp3"
"288","Stitches - Mashup - All Kinds All Time All Stars","448297841_169827526_211876064.mp3"
"63","owowowow","519768511_1201446166_230820911.mp3"
"259","Neuro Fun Tek MoOsi","494209859_1308699254_980789608.mp3"
"294","Badass Song","328509861_869982901_1807549693.mp3"
"294","Heavy as fukk","1999998548_1732660429_1104191429.mp3"
"294","OxSxMxFx","276109968_1558422639_1224770769.mp3"
"294","Noision (Bring em madness)","290148073_1407647354_1676978922.mp3"
"294","Satanic lullaby","355765278_1071432697_983879435.mp3"
"294","Hate gon' (Give it to ya)","905708903_1821299994_1174738170.mp3"
"294","Not another pirate's of the caribbean's theme","1714452457_653677414_1731264737.mp3"
"100","hop hop","1999712918_611818095_1478605882.mp3"
"100","tekno1","354038443_729400233_1104594239.mp3"
"100","tekno2","1510645971_1510843818_1736635993.mp3"
"294","Eyes turn red","1749899744_2007185582_1578453687.mp3"
"245","Hardbounce","969061080_539721674_939709133.mp3"
"100","uncio - tekno 3","274704231_1353047706_1539094661.mp3"
"294","Sengayah","1263850385_1623009811_487806245.mp3"
"1","I teknorangers","1102372739_1992299832_908668379.m4a"
"298","Genetek - Orientotek","1786924200_1264528540_618843310.mp3"
"294","Chainsaw terror","385925401_964753016_629744588.mp3"
"255","Toad Trip - Mission Toad","484768843_1791167266_1319676094.mp3"
"298","Genetek - GenerationAcid","1017676392_1137775286_2061405682.mp3"
"31","Space Invaders Live - Undermatic Jumping Robot","818554280_1146413172_1310890318.mp3"
"31","Space Invaders Live at Traffic Club 060215 1","494415815_780999103_65452215.mp3"
"294","Lazafight","1787201619_1127840280_998278333.mp3"
"69","1624","1622600572_1989097028_1730975092.mp3"
"69","anmoganmoga","1005353476_1645592337_1354915758.mp3"
"225","Memero Techatrocity - [FREE DOWNLOAD] - www.memero.org","1754874709_1346787425_1810270150.mp3"
"228","Midi rec","440298738_542533913_1954924828.mp3"
"228","Big bad~1","2044450570_1622391154_571066766.mp3"
"294","Zero fucks given","449240908_1686385693_1557410885.mp3"
"327","marimba_2","348772321_2114690747_288209036.mp3"
"340","Cryoniric - Tau Ceti","1195493860_1123844073_964440355.mp3"
"32","BASIC BASSLINE 3x303","621504332_1716179315_1742483761.mp3"
"104","Tschinöölnsound - TRM (no mastering)","726324255_1256242152_1771590596.mp3"
"327","thoughtless","1452691059_786698633_1335612257.mp3"
"349","Cold Reality","1995555128_730738326_715604560.mp3"
"349","DeFaaKT - Story of a Society Collapsing","363644763_2123946571_135237148.mp3"
"349","tt303 vs xOx","356188223_1074706480_1611680310.mp3"
"349","A(R)T War","757159769_1356968709_1578239442.mp3"
"100","tuscany acid blasfema","754065470_281319106_338387062.mp3"
"100","tribe 2016","140127976_274122352_1569671466.mp3"
"348","tribe&amp;acid session","419306685_1908823527_469048340.mp3"
"348","live016track01","1351144877_412455821_491229312.mp3"
"348","tribe016track2","1753680133_706908838_1923563645.mp3"
"348","tribe016track3","1586154662_365006230_1172621706.mp3"
"327","lignoranza....c'è!!","749218002_230517185_869732210.mp3"
"294","Party dog","801999752_1423437585_890098203.mp3"
"12","MAYA DISTORDE 97 - 666 BPM SLOW CUTS (ANTI DMT D)","1919848750_2040562599_290426521.mp3"
"327","all inclusive","1343432089_2058491440_1522501518.mp3"
"1","Forza e Coraggio","2136322810_1233018179_1592172225.m4a"
"1","april2","1294292567_1470240361_1179510638.m4a"
"32","F.TEK.HANG ON","1198673369_1454835118_868661268.mp3"
"367","Banda Sonora Experimental","1835099057_570375500_45188646.mp3"
"367","Electrox","1779383397_490120743_1484657286.mp3"
"32","glitchy fidget break tek vol 1","1519783461_2139619677_63465872.mp3"
"255","Toad Trip - Run Toat pt1","607868027_715883072_1732615444.mp3"
"100","adelante","1991812210_1680450694_2073000657.mp3"
"225","Memero 20160419_CABRADABRA - [FREE DOWNLOAD] - www.memero.org","839347704_1325921256_207319228.mp3"
"228","Lourd l' atterissage--aaaa","1323925426_138600407_1143331898.MP3"
"228","Calamity","963879527_1267240563_1822879352.MP3"
"373","The Sound Of The Fox -  We Are Not From Australia","1303556076_1506818867_892469572.mp3"
"63","Terrorcore","1041423065_612597166_1321474392.mp3"
"63","_Naturaloversl_ DMT","2015545446_1459638356_1198179718.mp3"
"63","_Double Ice_","2141736784_1020198642_2086479654.mp3"
"298","Genetek - Schädlwehvomdmt","705074594_370897647_1507642795.mp3"
"225","Memero 20160428_hardware_family_portrait - [FREE DOWNLOAD] - www.memero.org","1282029209_321184787_379451013.mp3"
"327","bufu","555213425_1475186088_506176684.mp3"
"318","the camel","208424911_44792398_913150511.mp3"
"56","M@rty _ edelweiss piraten","1691845453_1127352283_2052055659.mp3"
"399","Welkor's tracks","1883326363_2122269373_2119105006.mp3"
"399","Acid soit il [Bonne qualité]","193691475_298390539_792168197.mp3"
"399","AcydRitmiK","930140268_1016162696_1278039182.mp3"
"399","Add Dementium [Bonne qualité]","584448903_1107230318_1393491914.mp3"
"399","breakord da brink,s [Bonne qualité]","1889175979_1010678965_964754847.mp3"
"399","Bringbaloreille [Bonne qualité]","224710699_1860213107_2016021220.mp3"
"399","Co junkye [Bonne qualité]","686722545_798312224_1209282424.mp3"
"399","Comik Track [Bonne qualité]","560659561_113317635_1522584091.mp3"
"399","croque au deal [Bonne qualité]","912517050_1540762067_264164047.mp3"
"399","Everyday im Drinking versiion longue [Bonne qualité]","578439187_1382849099_846007565.mp3"
"399","Everyday im recking [Bonne qualité]","1292218405_1819902193_283360174.mp3"
"399","Gougoutte [Bonne qualité]","209112891_1353852305_100800637.mp3"
"399","Hard Saucer 2 [Bonne qualité]","832343849_16596391_978950923.mp3"
"399","J ai perdu ma track (ouiiin) [Bonne qualité]","24566234_181904366_393737121.mp3"
"399","J ai perduu ma track (ouiiin) [Bonne qualité]","134140670_282120241_1940417424.mp3"
"399","RINTINTIN CORE [Bonne qualité]","1845810398_1592641043_942635379.mp3"
"399","SaWALAAHA [Bonne qualité]","1824255430_1154631175_1351192106.mp3"
"399","shaolin school [Bonne qualité]","956441877_2078305803_295063413.mp3"
"400","Like Life vs Kmilles Drum&amp;Bass","834113193_1301620028_1686597349.mp3"
"298","Genetek - Schiabarei",
"327","mushroom","1677247793_1629090340_1316008964.mp3"
"402","The Mad Hatter","139590810_22026826_236482330.mp3"
"451","freetki!!!","596642410_1955040952_1451032121.mp3"
"69","extraterrestrial","1683674917_1338197368_508328532.mp3"
"428","Still Mixin' Acid","1571011210_1222249898_969953839.mp3"
"104","Tschinöölnsound in the mix - Tribecore vs Raggatek","455287765_990437858_1775709773.mp3"
"327","my name is T!O.o","1402913381_94697589_1271412112.mp3"
"327","teknomachine","186072566_1672562626_1557104992.mp3"
"327","tekno","2057798138_1625867218_1065962092.mp3"
"327","wet pussyXD","294271082_848224275_718880316.mp3"
"431","WHIRO- Plastic","517601478_783465823_297044014.mp3"
"100","tribe","1958754591_261394546_900333871.mp3"
"431","whiro - nintje","1528465139_1254253198_1808953112.mp3"
"496","History repeats itself again - FTZ","318793965_2115539159_491696062.mp3"
"225","Memero___20160723___STST - [FREE DOWNLOAD] - www.memero.org","2068547455_1625817081_1681800513.mp3"
"500","ArmaduK","293231551_670679688_1537430553.mp3"
"500","chErnObyL wAsTe","1167690633_1985808261_1105046659.mp3"
"502","psy tek energy","1667114481_1561878472_1993810486.mp3"
"511","interior monsters","295178801_1908730616_786547538.mp3"
"511","BlunòTek Alchemy Robot and Voice","2044829112_1279881760_1189501872.mp3"
"511","small manual tekno zen for my son","1604429613_1424001396_1253213676.mp3"
"511","Bio Political Robots","1916350025_777461516_2044151425.mp3"
"511","Hermetic Teachings","2096807541_1109302798_586787431.mp3"
"511","iperdrive fluctuations","969384568_1990058519_110813363.mp3"
"511","I pray thee","1685193417_1406799122_1399228854.mp3"
"511","Revox Phlosopy","1639006550_1947077382_826681905.mp3"
"511","BTC-flight-story","179374597_349173094_824447580.mp3"
"511","07 - Tokamak No, thank you","462397844_1181816918_1681437384.mp3"
"511","duck duck in bubble","1209755398_39476400_994586597.mp3"
"511","Color Coctayl Syntesis","1100905056_401750982_70167522.mp3"
"511","Final Complex Dissonance","1461952492_608372129_1840993111.mp3"
"521","01 - Busy","975405793_1746787951_1892795026.mp3"
"255","Toad Trip - Warrior Toad","967951928_152857993_408645024.mp3"
"225","Memero__20160113__Corinzio - [FREE DOWNLOAD] - www.memero.org","49628690_1481541903_353277499.mp3"
"69","07.09.thelivingdead.3.1","446234191_222604982_383341914.mp3"
"63","_NOSL_","1029960167_768604879_285634694.mp3"
"318","Midkickbrain","1519046769_738070366_1782184289.mp3"
"536","ketwerk 42","944957111_1884971771_436881704.mp3"
"536","breaker155","732374772_1447140243_258513615.mp3"
"63","rico5M","547108685_460643968_110148765.mp3"
"548","Innerscreams - Against the wave","789400434_890121166_1916258374.mp3"
"548","Innerscreams - Remember","1540421740_1442811129_457405320.mp3"
"5","mgl - Bandwagon Fallacy","600242658_1909619667_1551367948.mp3"
"435","Damaged Reactor - Homer","818816711_898778649_2025568719.mp3"
"562","MDMONOBASSBOT_LIVEMIXJAM","1224976016_1212276852_1689227378.mp3"
"435","Damaged_Reactor_-_Charger_(Original_Mix)","640657635_133865862_597701898.mp3"
"435","Damaged_Reactor_-_Outpost_(Original_Mix)","2069230809_1778844645_778838625.mp3"
"435","Damaged_Reactor_-_Universe_(Origina_Mix)","476706094_215812066_1980941876.mp3"
"569","General Levy - Erb erb erb (CYPHA jungletekno bootleg)","1470663400_816128462_1989788520.mp3"
"569","General Levy - Erb erb erb (CYPHA jungletekno bootleg)","630526486_752917750_1255356692.mp3"
"569","General Levy - Erb erb erb (CYPHA jungletekno bootleg)","1272515541_1358050968_1256001616.mp3"
"569","General Levy - Erb erb erb (CYPHA jungletekno bootleg)","976293718_437018279_1426648290.mp3"
"570","Hudi&amp;Br0t (FTS) - DoKteK's Ponyhof (live)","1548084757_128032382_2116907166.mp3"
"570","DoKteK (FTS) &amp; 1er Menü - Kevin Swing Ding (live)","249961947_2008081004_2049284372.mp3"
"570","DoKteK, Hudi &amp; Br0tanik[FTS] - Raving Cops","582633107_1550381480_1287584825.mp3"
"570","DoKteK[FTS] &amp; DiePod - Pen Pineapple Apple Tek","1486744113_1753603869_152372404.mp3"
"570","Hudi (FTS) - Darkside (live)","1891538075_506200411_585854039.mp3"
"570","Brotanik (FTS) - Seta Mota (live)","1171205520_1140989912_464738923.mp3"
"573","ATLienated","1000149482_1706762528_132585122.mp3"
"555","tau","332209038_1608370709_379386597.mp3"
"555","zero 01","708159273_1788912498_1870738680.mp3"
"555","zero 02","352778488_1270275752_1650994971.mp3"
"502","ELEPHANT STYLE 150 BPM","924753956_1244518319_300419071.mp3"
"555","Live-Zero-0.1","908259130_460665877_43622534.mp3"
"100","simbiosys - vibra","850787083_358318066_1343737325.mp3"
"555","style05","206108964_898385126_1316578049.mp3"
"255","Toad Trip - Hospitalized Toad V2","384422674_500134969_2030528542.mp3"
"228","Break acid","1976404864_1303385819_1801820513.mp3"
"228","Guns and darks","1264431644_795779044_1871055951.MP3"
"228","Darkstep","1330495098_1511613999_1967638603.mp3"
"228","On air","713790260_1956561592_1297521201.mp3"
"228","Borik","1023016868_7850768_958817557.mp3"
"228","Kaos morphine","922011085_1354496737_1101707345.mp3"
"588","Project X","484393551_688121574_1041608804.mp3"
"588","Whistle","1196270729_1845051108_442545683.mp3"
"588","Toxic Society","64824770_348477340_1606992805.mp3"
"588","Speed","105889139_165989490_2136721166.mp3"
"588","Space Tekkno","1013627903_687167194_1060341050.mp3"
"588","Fair Spirals","1882234484_1720378282_402905059.mp3"
"588","Absolute","1167551833_391219094_484349018.mp3"
"588","Clap Clap","1657266314_276728830_287127763.mp3"
"588","Bad Dream","1778587197_358069803_139691332.mp3"
"588","Mind Collapse","1977709177_1299367699_2067702521.mp3"
"588","Always Hardcore","2121607701_1187655398_1467940395.mp3"
"588","Summer","1207199900_89228225_88223544.mp3"
"588","Shape and Frequency","1301255053_1347689166_1184738796.mp3"
"286","liveset03","536333912_1007543990_320055747.mp3"
"228","Z terminus","207051325_929841116_1730042245.mp3"
"228","Pas un flics","284258305_188545889_64951676.mp3"
"228","Furieu","1937486630_1664761205_2033184496.mp3"
"228","La petite tribe","1413866636_1406248997_1969498114.mp3"
"536","chemical communication 2","228574454_788409494_188285775.mp3"
"536","bth","854395195_1028778417_612301779.mp3"
"555","2","980425410_1861108114_1145537135.mp3"
"555","Synthetic hypnopedia","2067226882_1547734260_877850233.mp3"
"100","some vibes","1866119756_2012283758_613470291.mp3"
"626","KING OF KINGS    MSIZI - TRIPLE COMA &amp; V.K [fm.co].mp3","1147821706_810628396_1995901667.mp3"
"626","TRIPLE COMA - HOMAGE","1921877273_637472764_1987553483.mp3"
"627","ShaggyCore","986148312_1457033646_492251973.mp3"
"1","Free Tekno Tribe Core","91507693_1812844241_1800069576.m4a"
"255","Toad Trip - Stockhausen Toad (live mouse jam extract RAW)","1581402323_1338052298_1001257881.mp3"
"33","RobyUanKeRoby - Smack My Piccion (Preview, unmastered)","929708328_1826455197_1602151250.mp3"
"1","REPTILIAN TEK","1045745289_1450393168_608713126.m4a"
"69","flashback","645993533_1129325194_1477428542.mp3"
"69","dust","2076318177_479375176_1145222362.mp3"
"496","The dishes of the space - FTZ","425682136_662221631_1325710513.mp3"
"661","OMEN (tekno)","670687725_1598418188_19352242.mp3"
"100","simbiosys","1745586976_1026407679_1983401404.mp3"
"100","eco","133678091_1588033985_1994512948.mp3"
"666","DEEEF=Pi - Tape Rec Tekno","1659985079_907663500_1433445374.mp3"
"666","DEEEF=Pi - Principles Of Probability","1523498615_364343612_697495098.mp3"
"676","Liveset In Kyran Keflat23","614641615_56472109_1678419329.mp3"
"676","Keflat23 &lt;GRiffinTek&gt;","9208381_1273615202_2004343447.mp3"
"601","My Hard Life - Sylencyo","737888490_218005191_1286333809.mp3"
"684","BiBeAt SeTiStEkTiOn","1731925398_9066060_427011444.mp3"
"689","ANTI VS 2P SOUNDSYSTEM----- Copa Kapana","1803068173_1747156691_356026861.mp3"
"676","~&lt;La répression mentale&gt;~","211174618_826318307_1521513755.mp3"
"676","&lt;les tribus de l'hypnose&gt;","599049343_26318413_1245786338.mp3"
"100","radio out","1608520495_767383913_690521314.mp3"
"298","Genetek - Chestpusher (133bpm)","15172688_829732298_1937467054.mp3"
"1","Space Invaders 1H live","339570051_686898937_942673000.m4a"
"298","Genetek - NoisesofJupiter","804074153_1903356503_1839934619.mp3"
"732","Run! - By LoGo","8667555_626200287_384573332.mp3"
"732","Overminded - By LoGo","1979592516_1668240105_349439983.mp3"
"732","TRK - Routine - by LoGo","1973542830_1271111657_741422209.mp3"
"732","Tonal Momentum - by LoGo","160062039_494835471_2028412921.mp3"
"732","TRK - Honteuse Résurgence - by LoGo","2085586048_1582861857_559178772.mp3"
"732","TRK - Blind Page - by LoGo","843153353_2012553455_1066845293.mp3"
"732","TRK - Struggle - By LoGo","680083437_1723924090_402750630.mp3"
"732","Vieille Branche - By LoGo","332540795_1181737146_41122511.mp3"
"734","CHIMéRIK 01","1643138814_104933180_336637409.mp3"
"734","CHIMéRIK 02 HSF","285453228_1232165017_2108491726.mp3"
"734","FUCK TV SITCOM","464782233_697288822_487747951.mp3"
"734","La Baleine à Chantal","261003032_1535964224_170649484.mp3"
"601","Traibaccia - Sylencyo",
"326","kifkoi drikc","563809911_772793585_1913936360.mp3"
"326","happy BaSS Day MiX","939411174_1757165989_1302508568.mp3"
"63","&lt;_Nosl_&gt;","998210393_1108335639_1489809194.mp3"
"63","__NOSL__ 1","1259992103_2019014273_832527119.mp3"
"63","__NATURALOVERSL__","2103826660_638620042_1844675526.mp3"
"63","Feel The Beat -","1867319693_1980288239_1613216690.mp3"
"734","La Théorie d'une Mouche Qui Colle","1463242147_348774827_1102465798.mp3"
"63","&lt;_Nosl_&gt;","120468538_18306694_2117676233.mp3"
"63","&lt;__NOSL__ &gt;","1855359965_2110870845_42976754.mp3"
"734","NATURAL ECHOS","149842746_674038176_1323769569.mp3"
"746","Démoce - Fréquence Malsaine","1359773843_797225720_1759766273.mp3"
"746","Démoce - 3Triba-L_ium","1764448568_1600530390_499943126.mp3"
"746","Démoce - CM","2129289838_1344699860_2102618356.mp3"
"746","Démoce - 23µg (NRLM)","1170332086_663309500_1465460313.mp3"
"746","Démoce - Métèque Samplé","821513125_2089531673_687634116.mp3"
"734","Infected The Realm","2052341112_1076545870_879249394.mp3"
"348","JUMPTOTHEDEEPEND-CHARLIE-PTKSOUNDSYSTEM","1080436720_128418966_881405997.mp3"
"734","Mesrine Byn 1.1","1474767226_1867432511_1056732266.mp3"
"63","&lt;__NATURALOVERSL__ &gt;","1761945798_290930206_1092451650.mp3"
"63","&lt;__NATURALOVERSL__ &gt;","1089232343_897375097_1394807312.mp3"
"63","__9RSL__","1555284854_428927265_489894742.mp3"
"63","&lt;__NATURALOVERSL__ &gt;","1057262864_1530078436_1055763607.mp3"
"752","@PIRAT PLAYER@ MOVE STILL AND DANCE","886450191_122933077_134645585.mp3"
"326","Mix Frenchcore","1851865488_104720743_1992506136.mp3"
"326","KFK Drikc New Year Mix","1031211609_1593871196_675491318.mp3"
"298","Genetek- CANYOUDIGMYYAHOUUUUU [190BPM] [²³]","574909460_24931753_854458183.mp3"
"1","Acid Tekno Tribe (v2)","1994470954_112774306_2133425505.m4a"
"734","Zuulu Sandstorm","1126086913_1217137757_1593565176.mp3"
"100","melody","1264481988_1533243867_981415395.mp3"
"734","Sandstorm II (Are AFA at Medina)","1541395072_1220118585_310220318.mp3"
"378","[hardtek - hardcore - tekno ] by Tyrr - 3 trak with electribe MX","1431987136_1842264751_2131814308.mp3"
"1","Space Invaders","1408408534_2063637354_1204408002.m4a"
"746","Démoce -Legacy of Pain","1984063685_1504635652_205791977.mp3"
"700","Undermatic Mad-Mix-Max","163573685_2027173812_352484046.m4a"
"734","Garanties de belles promesses 01.1+","1835420541_622500222_1672466768.mp3"
"63","__NATURALOVERSL__","249856855_1380341768_2038477939.mp3"
"734","Nivergland","1239741024_2140212447_1994589629.mp3"
"63","don't stop","1181510594_1444567273_256372372.mp3"
"63","&lt;__NATURALOVERSL__ &gt;","239198272_534542601_222686881.mp3"
"63","&lt;_Nosl_&gt;","335578119_819424790_336813460.mp3"
"63","_nosl_shiva","65978972_898499618_2044136162.mp3"
"63","-CRACKTANKER-","1283052776_1794348740_1096783559.mp3"
"63","&lt;__NATURALOVERSL__ &gt;","1795331608_311696200_1736696690.mp3"
"63","_*NATURALOVERSL*_ FOLLOWING ROB'S POWER...","675683646_1722837557_571877012.mp3"
"63","LA MESSA DEI PSYCO-SCIENZIATI","1532347791_231465541_2056400713.mp3"
"326","drik c mix under","1109774181_320992054_1540358335.mp3"
"734","On en a gros !","1011271693_117427717_984776929.mp3"
"751","Access Denied -FREE DOWNLOAD-","713927053_1089881948_1726205027.mp3"
"100","infinity","360020482_809904398_113607974.mp3"
"63","&lt;NOSL&gt;","1272603585_1470498208_2063858481.m4a"
"734","Full metal odyssey2","2025718659_1854887879_1546113230.mp3"
"734","Meetic Chep On Tekniboeufs","488172486_1172774005_1532738016.mp3"
"734","PLANET ARIUM CH'TITE 01","345515754_1656929627_1067196114.mp3"
"100","analog acid techno session","385561234_678249760_84372566.mp3"
"63","_NOSL_","1352307588_419551857_1876499624.mp3"
"678","Project XY (Little-Set-Preview)","2026254421_1485161149_1843632907.mp3"
"69","paradox","1505318566_1266907218_400218589.mp3"
"751","Fuk ù pitch (Re-edit) PEREPO -FREE DOWNLOAD-","773474079_297698509_862113307.mp3"
"751","Big Green Tek (Re-edit) -FREE DOWNLOAD-","1497298510_222679579_1256243625.mp3"
"751","Rave'olution PEREPO -FREE DOWNLOAD-","1428678533_1721881671_901627758.mp3"
"751","Sans Autorisation - PEREPO","109070583_583335723_1107965050.mp3"
"751","Apricotek - PEREPO","1723647290_1542171140_1500365117.mp3"
"228","Ecran 2D - Anti nu","696701684_240148747_395900981.mp3"
"228","Ecran 2D - Dad party","74130664_1708637456_702746318.mp3"
"228","Ecran 2D - Le Sage Disque","1888189935_804038105_1637915721.mp3"
"734","AïTA ISTEKA","861445948_196753197_560221329.mp3"
"785","01","452240323_554359116_1793546745.mp3"
"787","Mr. Mich - OldSchoolBus [Dj Set]","1286183433_102120455_1856827900.mp3"
"298","Genetek - A Liter Müch[170bpm]","117967770_330145282_1566068681.mp3"
"734","KESKITARIVE","1583787657_522931174_1302415686.mp3"
"228","Ecran 2D - W.A.W","1358207596_143138187_138728727.mp3"
"228","Start Ravo Tekno Hardcore","719689872_903502511_108004287.mp3"
"734","Scenar Ambigüe","192484249_1431320104_1918539582.mp3"
"734","L'APPEL D'ELFE","205655544_924086204_283100794.mp3"
"734","MASSAÏ ANALOG","1685205882_1830368884_1817500760.mp3"
"808","|TEKNOTOUNE#1|KOM UN GOUFFRE|MC808|HARDTRIBE|","1866930530_734707680_1259951675.mp3"
"734","PharMaCo TribZ","909607685_591263999_846192920.mp3"
"228","Bank Bravo","1818867258_1897621016_1293746904.mp3"
"808","|TEKNOTOUNE#2|TERROR|","3559030_663251276_1522924765.mp3"
"1","C U NEXT TAZ &lt;3","1313479653_629310707_1893997860.m4a"
"63","_NOSL_","1342988629_1967126902_759763495.m4a"
"787","Mr. Mich - Roll Tha Tribe","204113004_1093510348_544888310.mp3"
"818","acidkathel023","1467327655_1557385472_128464969.mp3"
"818","billie jean is 23","317323680_1678223189_1726692458.mp3"
"818","FUKKK23KNOKKK","988618606_1711597252_852357163.mp3"
